,accuracy,mae,rmse
000338,0.9832696245804812,0.25908306000602427,0.3934815249019109
