,accuracy,mae,rmse
000776,0.9839597822087427,0.2777801278786134,0.4314749524658591
