,accuracy,mae,rmse
000776,0.9843720376890894,0.2605837824165272,0.4055975890611806
