,accuracy,mae,rmse
002001,0.9865442349317695,0.2733759489057587,0.378298834933622
