,accuracy,mae,rmse
002001,0.9855537683137632,0.2955996237608081,0.40777273370143535
