,accuracy,mae,rmse
002415,0.9846174161273519,0.4581171124773997,0.6310576733881669
