,accuracy,mae,rmse
002415,0.9833965302355783,0.4945305341683274,0.6750211759647167
