,accuracy,mae,rmse
002600,0.9738640918021035,0.24014174011811995,0.3557233615492428
