,accuracy,mae,rmse
002736,0.9846386141534491,0.1655400230538199,0.2505357776717143
