,accuracy,mae,rmse
002736,0.984571210800628,0.1668569682414075,0.25367180274137385
