,accuracy,mae,rmse
300442,0.9675845490263177,1.3533955558426358,2.1389445613878335
