,accuracy,mae,rmse
300442,0.9656411783964974,1.4443079061475916,2.309839991559119
