,accuracy,mae,rmse
300628,0.9827515228997882,0.5908692020966396,0.8523520135304364
