,accuracy,mae,rmse
300628,0.9745681927812582,0.8705462906633326,1.1673477811795474
