,accuracy,mae,rmse
600519,0.9708728685670442,42.77065522019061,47.18268921984506
