,accuracy,mae,rmse
600999,0.9851248827145798,0.24650963745443571,0.36981843680388143
