,accuracy,mae,rmse
600999,0.9853331401173195,0.24521957204817427,0.36476955574149644
