,accuracy,mae,rmse
601319,0.9825412613252655,0.1292768767277593,0.1817372181032091
