,accuracy,mae,rmse
601336,0.9767415044372899,1.0357236614331262,1.4965772358680793
