,accuracy,mae,rmse
601601,0.9783369862064103,0.6770096498650431,0.9356534583019911
