,accuracy,mae,rmse
601628,0.98325328067793,0.6319859409623895,0.898885267891417
