,accuracy,mae,rmse
601628,0.9816479778767275,0.6737011313222134,0.9890786313615569
