,accuracy,mae,rmse
601877,0.9823337583313091,0.4083070503917196,0.6037535214418703
