,accuracy,mae,rmse
601877,0.9814092252032062,0.4458696008281554,0.7333401964265156
