,accuracy,mae,rmse
601881,0.9803679273170511,0.27520152335351555,0.39580189597937687
