,accuracy,mae,rmse
603259,0.9740322354851932,1.748679501254175,2.4918224754449714
