,accuracy,mae,rmse
688036,0.9666045307172494,2.769928778535995,3.81101649654776
