,accuracy,mae,rmse
sh.688036,0.9720689730271143,3.5989745597819507,4.756265394567341
