,accuracy,mae,rmse
sh.601336,0.980468479420318,1.2629254685020386,1.8582409135628928
