,accuracy,mae,rmse
sh.601319,0.9850364779186659,0.12669237397857022,0.18574177951088003
